{
  "n_candidates": 168,
  "bench_maps": 50,
  "ceiling": 52.3892,
  "sota_K12_score": 50.24280000000001,
  "K_curve": [
    [
      1,
      30.98862
    ],
    [
      2,
      38.6544
    ],
    [
      3,
      41.1146
    ],
    [
      4,
      43.4732
    ],
    [
      5,
      45.48120000000001
    ],
    [
      6,
      46.553200000000004
    ],
    [
      7,
      47.467200000000005
    ],
    [
      8,
      48.2972
    ],
    [
      9,
      48.92059999999999
    ],
    [
      10,
      49.384800000000006
    ],
    [
      11,
      49.8434
    ],
    [
      12,
      50.24280000000001
    ],
    [
      13,
      50.63860000000002
    ],
    [
      14,
      51.02800000000001
    ],
    [
      15,
      51.363000000000014
    ],
    [
      16,
      51.67040000000001
    ],
    [
      17,
      51.84
    ],
    [
      18,
      52.0084
    ],
    [
      19,
      52.08000000000001
    ],
    [
      20,
      52.136
    ],
    [
      21,
      52.184400000000004
    ],
    [
      22,
      52.21280000000001
    ],
    [
      23,
      52.2376
    ],
    [
      24,
      52.26240000000001
    ],
    [
      25,
      52.286
    ],
    [
      26,
      52.308
    ],
    [
      27,
      52.329600000000006
    ],
    [
      28,
      52.34440000000001
    ],
    [
      29,
      52.35280000000001
    ],
    [
      30,
      52.36080000000001
    ],
    [
      31,
      52.367200000000004
    ],
    [
      32,
      52.37200000000001
    ],
    [
      33,
      52.376400000000004
    ],
    [
      34,
      52.37960000000001
    ],
    [
      35,
      52.3828
    ],
    [
      36,
      52.38560000000001
    ],
    [
      37,
      52.387200000000014
    ],
    [
      38,
      52.38880000000001
    ],
    [
      39,
      52.38920000000001
    ]
  ],
  "marginal_lifts": [
    [
      1,
      1549.431
    ],
    [
      2,
      383.2890000000001
    ],
    [
      3,
      123.01000000000002
    ],
    [
      4,
      117.92999999999978
    ],
    [
      5,
      100.40000000000049
    ],
    [
      6,
      53.59999999999978
    ],
    [
      7,
      45.700000000000074
    ],
    [
      8,
      41.49999999999956
    ],
    [
      9,
      31.16999999999983
    ],
    [
      10,
      23.21000000000062
    ],
    [
      11,
      22.92999999999985
    ],
    [
      12,
      19.970000000000354
    ],
    [
      13,
      19.79000000000042
    ],
    [
      14,
      19.469999999999743
    ],
    [
      15,
      16.750000000000043
    ],
    [
      16,
      15.369999999999706
    ],
    [
      17,
      8.479999999999777
    ],
    [
      18,
      8.419999999999916
    ],
    [
      19,
      3.5800000000005383
    ],
    [
      20,
      2.799999999999514
    ],
    [
      21,
      2.4200000000000443
    ],
    [
      22,
      1.4200000000002433
    ],
    [
      23,
      1.239999999999597
    ],
    [
      24,
      1.2400000000003075
    ],
    [
      25,
      1.1799999999997368
    ],
    [
      26,
      1.0999999999999233
    ],
    [
      27,
      1.0800000000003251
    ],
    [
      28,
      0.7400000000000517
    ],
    [
      29,
      0.42000000000008697
    ],
    [
      30,
      0.4000000000001336
    ],
    [
      31,
      0.3199999999996095
    ],
    [
      32,
      0.2400000000001512
    ],
    [
      33,
      0.21999999999984254
    ],
    [
      34,
      0.16000000000033765
    ],
    [
      35,
      0.1599999999996271
    ],
    [
      36,
      0.14000000000038426
    ],
    [
      37,
      0.08000000000016882
    ],
    [
      38,
      0.07999999999981355
    ],
    [
      39,
      0.01999999999995339
    ]
  ]
}