{
  "n_candidates": 267,
  "bench_maps": 50,
  "ceiling": 54.151799999999994,
  "sota_K12_score": 51.3204,
  "K_curve": [
    [
      1,
      33.3874
    ],
    [
      2,
      38.406600000000005
    ],
    [
      3,
      41.061800000000005
    ],
    [
      4,
      43.23160000000001
    ],
    [
      5,
      44.92519999999999
    ],
    [
      6,
      46.614799999999995
    ],
    [
      7,
      48.148999999999994
    ],
    [
      8,
      49.05659999999999
    ],
    [
      9,
      49.849799999999995
    ],
    [
      10,
      50.40559999999999
    ],
    [
      11,
      50.865
    ],
    [
      12,
      51.3204
    ],
    [
      13,
      51.7614
    ],
    [
      14,
      52.1576
    ],
    [
      15,
      52.5126
    ],
    [
      16,
      52.8644
    ],
    [
      17,
      53.168600000000005
    ],
    [
      18,
      53.364200000000004
    ],
    [
      19,
      53.48620000000001
    ],
    [
      20,
      53.591000000000015
    ],
    [
      21,
      53.671800000000005
    ],
    [
      22,
      53.742200000000004
    ],
    [
      23,
      53.7998
    ],
    [
      24,
      53.849799999999995
    ],
    [
      25,
      53.889399999999995
    ],
    [
      26,
      53.92179999999999
    ],
    [
      27,
      53.953799999999994
    ],
    [
      28,
      53.9786
    ],
    [
      29,
      54.003
    ],
    [
      30,
      54.0254
    ],
    [
      31,
      54.047
    ],
    [
      32,
      54.0682
    ],
    [
      33,
      54.087399999999995
    ],
    [
      34,
      54.0986
    ],
    [
      35,
      54.108999999999995
    ],
    [
      36,
      54.119
    ],
    [
      37,
      54.129
    ],
    [
      38,
      54.135799999999996
    ],
    [
      39,
      54.140600000000006
    ],
    [
      40,
      54.1438
    ],
    [
      41,
      54.147000000000006
    ],
    [
      42,
      54.14860000000001
    ],
    [
      43,
      54.150200000000005
    ],
    [
      44,
      54.1514
    ],
    [
      45,
      54.1518
    ]
  ],
  "marginal_lifts": [
    [
      1,
      1669.37
    ],
    [
      2,
      250.96000000000026
    ],
    [
      3,
      132.76000000000005
    ],
    [
      4,
      108.49000000000011
    ],
    [
      5,
      84.67999999999911
    ],
    [
      6,
      84.48000000000029
    ],
    [
      7,
      76.70999999999992
    ],
    [
      8,
      45.379999999999754
    ],
    [
      9,
      39.660000000000295
    ],
    [
      10,
      27.789999999999893
    ],
    [
      11,
      22.970000000000468
    ],
    [
      12,
      22.769999999999868
    ],
    [
      13,
      22.050000000000125
    ],
    [
      14,
      19.810000000000016
    ],
    [
      15,
      17.749999999999844
    ],
    [
      16,
      17.590000000000217
    ],
    [
      17,
      15.210000000000079
    ],
    [
      18,
      9.779999999999944
    ],
    [
      19,
      6.10000000000035
    ],
    [
      20,
      5.240000000000222
    ],
    [
      21,
      4.039999999999466
    ],
    [
      22,
      3.5199999999999676
    ],
    [
      23,
      2.879999999999683
    ],
    [
      24,
      2.499999999999858
    ],
    [
      25,
      1.980000000000004
    ],
    [
      26,
      1.6199999999997772
    ],
    [
      27,
      1.600000000000179
    ],
    [
      28,
      1.2400000000003075
    ],
    [
      29,
      1.2199999999999989
    ],
    [
      30,
      1.1199999999998766
    ],
    [
      31,
      1.0799999999999699
    ],
    [
      32,
      1.0600000000000165
    ],
    [
      33,
      0.9599999999998943
    ],
    [
      34,
      0.560000000000116
    ],
    [
      35,
      0.5199999999998539
    ],
    [
      36,
      0.5000000000002558
    ],
    [
      37,
      0.4999999999999005
    ],
    [
      38,
      0.33999999999991815
    ],
    [
      39,
      0.24000000000050647
    ],
    [
      40,
      0.1599999999996271
    ],
    [
      41,
      0.16000000000033765
    ],
    [
      42,
      0.08000000000016882
    ],
    [
      43,
      0.07999999999981355
    ],
    [
      44,
      0.059999999999860165
    ],
    [
      45,
      0.01999999999995339
    ]
  ]
}