{
  "n_candidates": 207,
  "bench_maps": 50,
  "ceiling": 53.19179999999999,
  "sota_K12_score": 50.59580000000001,
  "K_curve": [
    [
      1,
      30.98862
    ],
    [
      2,
      38.6544
    ],
    [
      3,
      41.1146
    ],
    [
      4,
      43.4732
    ],
    [
      5,
      45.48120000000001
    ],
    [
      6,
      46.553200000000004
    ],
    [
      7,
      47.467200000000005
    ],
    [
      8,
      48.2972
    ],
    [
      9,
      49.115199999999994
    ],
    [
      10,
      49.732200000000006
    ],
    [
      11,
      50.19640000000001
    ],
    [
      12,
      50.59580000000001
    ],
    [
      13,
      50.9872
    ],
    [
      14,
      51.3718
    ],
    [
      15,
      51.7068
    ],
    [
      16,
      52.0142
    ],
    [
      17,
      52.18899999999999
    ],
    [
      18,
      52.358599999999996
    ],
    [
      19,
      52.5118
    ],
    [
      20,
      52.6446
    ],
    [
      21,
      52.727399999999996
    ],
    [
      22,
      52.788999999999994
    ],
    [
      23,
      52.849399999999996
    ],
    [
      24,
      52.8978
    ],
    [
      25,
      52.9394
    ],
    [
      26,
      52.979
    ],
    [
      27,
      53.011399999999995
    ],
    [
      28,
      53.03979999999999
    ],
    [
      29,
      53.06459999999999
    ],
    [
      30,
      53.0862
    ],
    [
      31,
      53.1074
    ],
    [
      32,
      53.1282
    ],
    [
      33,
      53.142999999999994
    ],
    [
      34,
      53.154999999999994
    ],
    [
      35,
      53.16619999999999
    ],
    [
      36,
      53.17099999999999
    ],
    [
      37,
      53.1758
    ],
    [
      38,
      53.18019999999999
    ],
    [
      39,
      53.1834
    ],
    [
      40,
      53.1866
    ],
    [
      41,
      53.189400000000006
    ],
    [
      42,
      53.191
    ],
    [
      43,
      53.1914
    ],
    [
      44,
      53.1918
    ]
  ],
  "marginal_lifts": [
    [
      1,
      1549.431
    ],
    [
      2,
      383.2890000000001
    ],
    [
      3,
      123.01000000000002
    ],
    [
      4,
      117.92999999999978
    ],
    [
      5,
      100.40000000000049
    ],
    [
      6,
      53.59999999999978
    ],
    [
      7,
      45.700000000000074
    ],
    [
      8,
      41.49999999999956
    ],
    [
      9,
      40.89999999999989
    ],
    [
      10,
      30.850000000000577
    ],
    [
      11,
      23.210000000000264
    ],
    [
      12,
      19.97
    ],
    [
      13,
      19.56999999999951
    ],
    [
      14,
      19.229999999999947
    ],
    [
      15,
      16.750000000000043
    ],
    [
      16,
      15.370000000000061
    ],
    [
      17,
      8.739999999999526
    ],
    [
      18,
      8.480000000000132
    ],
    [
      19,
      7.660000000000267
    ],
    [
      20,
      6.639999999999802
    ],
    [
      21,
      4.139999999999944
    ],
    [
      22,
      3.0799999999999272
    ],
    [
      23,
      3.020000000000067
    ],
    [
      24,
      2.4200000000000443
    ],
    [
      25,
      2.080000000000126
    ],
    [
      26,
      1.980000000000004
    ],
    [
      27,
      1.6199999999997772
    ],
    [
      28,
      1.419999999999888
    ],
    [
      29,
      1.2399999999999523
    ],
    [
      30,
      1.0800000000003251
    ],
    [
      31,
      1.0600000000000165
    ],
    [
      32,
      1.040000000000063
    ],
    [
      33,
      0.7399999999996965
    ],
    [
      34,
      0.6000000000000227
    ],
    [
      35,
      0.5599999999997607
    ],
    [
      36,
      0.2400000000001512
    ],
    [
      37,
      0.24000000000050647
    ],
    [
      38,
      0.21999999999948727
    ],
    [
      39,
      0.16000000000033765
    ],
    [
      40,
      0.15999999999998238
    ],
    [
      41,
      0.14000000000038426
    ],
    [
      42,
      0.07999999999981355
    ],
    [
      43,
      0.01999999999995339
    ],
    [
      44,
      0.01999999999995339
    ]
  ]
}