{
  "n_candidates": 247,
  "bench_maps": 50,
  "ceiling": 54.1354,
  "sota_K12_score": 50.8062,
  "K_curve": [
    [
      1,
      32.032799999999995
    ],
    [
      2,
      37.198
    ],
    [
      3,
      40.29140000000001
    ],
    [
      4,
      42.699600000000004
    ],
    [
      5,
      44.70839999999999
    ],
    [
      6,
      46.1618
    ],
    [
      7,
      47.1602
    ],
    [
      8,
      48.140600000000006
    ],
    [
      9,
      49.01660000000001
    ],
    [
      10,
      49.8002
    ],
    [
      11,
      50.308
    ],
    [
      12,
      50.8062
    ],
    [
      13,
      51.3
    ],
    [
      14,
      51.761399999999995
    ],
    [
      15,
      52.157599999999995
    ],
    [
      16,
      52.548999999999985
    ],
    [
      17,
      52.89599999999999
    ],
    [
      18,
      53.240599999999986
    ],
    [
      19,
      53.4002
    ],
    [
      20,
      53.5154
    ],
    [
      21,
      53.6286
    ],
    [
      22,
      53.7114
    ],
    [
      23,
      53.772999999999996
    ],
    [
      24,
      53.81419999999999
    ],
    [
      25,
      53.85379999999999
    ],
    [
      26,
      53.887
    ],
    [
      27,
      53.919799999999995
    ],
    [
      28,
      53.95219999999999
    ],
    [
      29,
      53.980599999999995
    ],
    [
      30,
      54.0062
    ],
    [
      31,
      54.03059999999999
    ],
    [
      32,
      54.05179999999999
    ],
    [
      33,
      54.0674
    ],
    [
      34,
      54.08219999999999
    ],
    [
      35,
      54.094199999999994
    ],
    [
      36,
      54.10539999999999
    ],
    [
      37,
      54.11299999999999
    ],
    [
      38,
      54.119
    ],
    [
      39,
      54.1238
    ],
    [
      40,
      54.1286
    ],
    [
      41,
      54.131800000000005
    ],
    [
      42,
      54.1334
    ],
    [
      43,
      54.1346
    ],
    [
      44,
      54.135
    ],
    [
      45,
      54.1354
    ]
  ],
  "marginal_lifts": [
    [
      1,
      1601.6399999999996
    ],
    [
      2,
      258.2600000000003
    ],
    [
      3,
      154.67000000000047
    ],
    [
      4,
      120.40999999999968
    ],
    [
      5,
      100.43999999999933
    ],
    [
      6,
      72.67000000000046
    ],
    [
      7,
      49.920000000000186
    ],
    [
      8,
      49.02000000000015
    ],
    [
      9,
      43.80000000000024
    ],
    [
      10,
      39.17999999999928
    ],
    [
      11,
      25.390000000000157
    ],
    [
      12,
      24.909999999999854
    ],
    [
      13,
      24.690000000000012
    ],
    [
      14,
      23.06999999999988
    ],
    [
      15,
      19.810000000000016
    ],
    [
      16,
      19.56999999999951
    ],
    [
      17,
      17.350000000000065
    ],
    [
      18,
      17.22999999999999
    ],
    [
      19,
      7.980000000000587
    ],
    [
      20,
      5.760000000000076
    ],
    [
      21,
      5.659999999999954
    ],
    [
      22,
      4.139999999999944
    ],
    [
      23,
      3.0799999999999272
    ],
    [
      24,
      2.0599999999998175
    ],
    [
      25,
      1.980000000000004
    ],
    [
      26,
      1.6600000000003945
    ],
    [
      27,
      1.6399999999997306
    ],
    [
      28,
      1.6199999999997772
    ],
    [
      29,
      1.4200000000002433
    ],
    [
      30,
      1.2800000000002143
    ],
    [
      31,
      1.2199999999996436
    ],
    [
      32,
      1.0600000000000165
    ],
    [
      33,
      0.7800000000003138
    ],
    [
      34,
      0.7399999999996965
    ],
    [
      35,
      0.6000000000000227
    ],
    [
      36,
      0.5599999999997607
    ],
    [
      37,
      0.3800000000001802
    ],
    [
      38,
      0.30000000000036664
    ],
    [
      39,
      0.2400000000001512
    ],
    [
      40,
      0.23999999999979593
    ],
    [
      41,
      0.16000000000033765
    ],
    [
      42,
      0.07999999999981355
    ],
    [
      43,
      0.059999999999860165
    ],
    [
      44,
      0.01999999999995339
    ],
    [
      45,
      0.01999999999995339
    ]
  ]
}