{
  "n_candidates": 108,
  "bench_maps": 50,
  "ceiling": 50.728199999999994,
  "sota_K12_score": 49.790000000000006,
  "K_curve": [
    [
      1,
      30.98862
    ],
    [
      2,
      38.6544
    ],
    [
      3,
      41.1146
    ],
    [
      4,
      43.4732
    ],
    [
      5,
      44.957800000000006
    ],
    [
      6,
      46.19920000000001
    ],
    [
      7,
      47.03040000000001
    ],
    [
      8,
      47.8496
    ],
    [
      9,
      48.560600000000015
    ],
    [
      10,
      48.99960000000001
    ],
    [
      11,
      49.399000000000015
    ],
    [
      12,
      49.790000000000006
    ],
    [
      13,
      50.13700000000001
    ],
    [
      14,
      50.32620000000001
    ],
    [
      15,
      50.41420000000001
    ],
    [
      16,
      50.479000000000006
    ],
    [
      17,
      50.5414
    ],
    [
      18,
      50.592600000000004
    ],
    [
      19,
      50.63980000000001
    ],
    [
      20,
      50.65540000000001
    ],
    [
      21,
      50.6702
    ],
    [
      22,
      50.6822
    ],
    [
      23,
      50.6938
    ],
    [
      24,
      50.7046
    ],
    [
      25,
      50.7094
    ],
    [
      26,
      50.7138
    ],
    [
      27,
      50.7174
    ],
    [
      28,
      50.720600000000005
    ],
    [
      29,
      50.723800000000004
    ],
    [
      30,
      50.7254
    ],
    [
      31,
      50.727
    ],
    [
      32,
      50.728199999999994
    ]
  ],
  "marginal_lifts": [
    [
      1,
      1549.431
    ],
    [
      2,
      383.2890000000001
    ],
    [
      3,
      123.01000000000002
    ],
    [
      4,
      117.92999999999978
    ],
    [
      5,
      74.23000000000037
    ],
    [
      6,
      62.07000000000029
    ],
    [
      7,
      41.559999999999775
    ],
    [
      8,
      40.95999999999975
    ],
    [
      9,
      35.55000000000064
    ],
    [
      10,
      21.949999999999648
    ],
    [
      11,
      19.970000000000354
    ],
    [
      12,
      19.549999999999557
    ],
    [
      13,
      17.350000000000065
    ],
    [
      14,
      9.45999999999998
    ],
    [
      15,
      4.400000000000048
    ],
    [
      16,
      3.2399999999999096
    ],
    [
      17,
      3.119999999999834
    ],
    [
      18,
      2.5600000000000733
    ],
    [
      19,
      2.360000000000184
    ],
    [
      20,
      0.7799999999999585
    ],
    [
      21,
      0.7399999999996965
    ],
    [
      22,
      0.6000000000000227
    ],
    [
      23,
      0.5800000000000693
    ],
    [
      24,
      0.5399999999998073
    ],
    [
      25,
      0.2400000000001512
    ],
    [
      26,
      0.21999999999984254
    ],
    [
      27,
      0.17999999999993577
    ],
    [
      28,
      0.16000000000033765
    ],
    [
      29,
      0.15999999999998238
    ],
    [
      30,
      0.07999999999981355
    ],
    [
      31,
      0.07999999999981355
    ],
    [
      32,
      0.059999999999860165
    ]
  ]
}