{
  "n_candidates": 128,
  "bench_maps": 50,
  "ceiling": 50.7638,
  "sota_K12_score": 49.790000000000006,
  "K_curve": [
    [
      1,
      30.98862
    ],
    [
      2,
      38.6544
    ],
    [
      3,
      41.1146
    ],
    [
      4,
      43.4732
    ],
    [
      5,
      44.957800000000006
    ],
    [
      6,
      46.19920000000001
    ],
    [
      7,
      47.03040000000001
    ],
    [
      8,
      47.8496
    ],
    [
      9,
      48.560600000000015
    ],
    [
      10,
      48.99960000000001
    ],
    [
      11,
      49.399000000000015
    ],
    [
      12,
      49.790000000000006
    ],
    [
      13,
      50.13700000000001
    ],
    [
      14,
      50.32620000000001
    ],
    [
      15,
      50.41420000000001
    ],
    [
      16,
      50.48580000000001
    ],
    [
      17,
      50.54820000000001
    ],
    [
      18,
      50.5994
    ],
    [
      19,
      50.64660000000001
    ],
    [
      20,
      50.67500000000001
    ],
    [
      21,
      50.69060000000001
    ],
    [
      22,
      50.70540000000001
    ],
    [
      23,
      50.717400000000005
    ],
    [
      24,
      50.729000000000006
    ],
    [
      25,
      50.7398
    ],
    [
      26,
      50.74460000000001
    ],
    [
      27,
      50.749
    ],
    [
      28,
      50.75340000000001
    ],
    [
      29,
      50.757000000000005
    ],
    [
      30,
      50.760200000000005
    ],
    [
      31,
      50.7618
    ],
    [
      32,
      50.763400000000004
    ],
    [
      33,
      50.7638
    ]
  ],
  "marginal_lifts": [
    [
      1,
      1549.431
    ],
    [
      2,
      383.2890000000001
    ],
    [
      3,
      123.01000000000002
    ],
    [
      4,
      117.92999999999978
    ],
    [
      5,
      74.23000000000037
    ],
    [
      6,
      62.07000000000029
    ],
    [
      7,
      41.559999999999775
    ],
    [
      8,
      40.95999999999975
    ],
    [
      9,
      35.55000000000064
    ],
    [
      10,
      21.949999999999648
    ],
    [
      11,
      19.970000000000354
    ],
    [
      12,
      19.549999999999557
    ],
    [
      13,
      17.350000000000065
    ],
    [
      14,
      9.45999999999998
    ],
    [
      15,
      4.400000000000048
    ],
    [
      16,
      3.580000000000183
    ],
    [
      17,
      3.119999999999834
    ],
    [
      18,
      2.559999999999718
    ],
    [
      19,
      2.360000000000184
    ],
    [
      20,
      1.4200000000002433
    ],
    [
      21,
      0.7799999999999585
    ],
    [
      22,
      0.7400000000000517
    ],
    [
      23,
      0.5999999999996675
    ],
    [
      24,
      0.5800000000000693
    ],
    [
      25,
      0.5399999999998073
    ],
    [
      26,
      0.24000000000050647
    ],
    [
      27,
      0.21999999999948727
    ],
    [
      28,
      0.2200000000005531
    ],
    [
      29,
      0.1799999999995805
    ],
    [
      30,
      0.15999999999998238
    ],
    [
      31,
      0.07999999999981355
    ],
    [
      32,
      0.08000000000016882
    ],
    [
      33,
      0.01999999999995339
    ]
  ]
}